{"cameraMode":{"drawMode":0,"name":"Shaded","section":"Shading Mode"},"sceneLighting":true,"audioPlay":false,"sceneViewState":{"showFog":true,"showMaterialUpdate":true,"showSkybox":true,"showFlares":true,"showImageEffects":true,"showParticleSystems":true},"in2DMode":false,"pivot":{"x":-49.76045227050781,"y":-5.94915246963501,"z":5.023614406585693},"rotation":{"x":-0.06870702654123306,"y":0.7516775727272034,"z":-0.079155832529068,"w":-0.6512774229049683},"size":43.88737487792969,"orthographic":false}