{"cameraMode":{"drawMode":0,"name":"Shaded","section":"Shading Mode"},"sceneLighting":false,"audioPlay":false,"sceneViewState":{"showFog":true,"showMaterialUpdate":true,"showSkybox":false,"showFlares":true,"showImageEffects":true,"showParticleSystems":true},"in2DMode":false,"pivot":{"x":1.6836124658584595,"y":-1.422149896621704,"z":-1.2243821620941163},"rotation":{"x":0.08581428229808808,"y":0.89031583070755,"z":-0.188371479511261,"w":0.4056275486946106},"size":5.434784889221191,"orthographic":false}